{
	"ACCT":"Accounting",
	"ADVT":"Advertising",
	"AE":"Aerospace Engineering",
	"AS":"Aerospace Studies",
	"ASA":"Affiliated Studies Abroad",
	"AAST":"African-American Studies",
	"ANTH":"Anthropology",
	"ARAB":"Arabic",
	"ARCH":"Architecture",
	"ART":"Art & Art History",
	"ASTR":"Astronomy",
	"BEEP":"Bilingual ESL Early Child Prog",
	"BE":"Bioengineering",
	"BIOL":"Biology",
	"BCMN":"Broadcast Communication",
	"BSAD":"Business Administration",
	"BUSA":"Business Administration",
	"BCOM":"Business Communication",
	"BDEC":"Business Decisions",
	"BHNR":"Business Honors",
	"BLAW":"Business Law",
	"BSTAT":"Business Statistics",
	"CHEM":"Chemistry & Biochemistry",
	"CHIN":"Chinese",
	"CIRP":"City and Regional Planning",
	"CE":"Civil Engineering",
	"CLAS":"Classics",
	"COMM":"Communication",
	"COMS":"Communication Studies",
	"CTEC":"Communications Technology",
	"CSE":"Computer Science and Engineering",
	"CS":"Computer Science",
	"CRCJ":"Criminology & Criminal Justice",
	"DNCA":"Dance Activity",
	"DNCE":"Dance Theory",
	"ECED":"Early Childhood Education",
	"ECON":"Economics",
	"EDCO":"Education Counseling",
	"EDUC":"Education",
	"EDUCIR":"Education",
	"EDML":"Education Middle Level",
	"EDAD":"Educational Administration",
	"EDADIR":"Educational Administration",
	"EDTC":"Educational Technology",
	"EE":"Electrical Engineering",
	"ELED":"Elementary Education",
	"ESOL":"Eng for Speakers of Other Lang",
	"ENGR":"Engineering",
	"EM":"Engineering Mechanics",
	"ENGL":"English",
	"ESST":"Environmental and Sustainabili",
	"EVSE":"Environmental Science and Engineering",
	"EXCH":"Exchange Courses",
	"EMBA":"Executive Master of Business Administration",
	"EXSA":"Exercise and Sport Activity",
	"EXSS":"Exercise and Sport Studies",
	"FINA":"Finance",
	"FS-ART":"First Year Seminar - Art",
	"FS-BIOL":"First Year Seminar - Biology",
	"FS-BUSA":"First Year Seminar - Business",
	"FS-COMM":"First Year Seminar - Communications",
	"FS-CRCJ":"First Year Seminar - Criminal Justice",
	"FS-ENGL":"First Year Seminar - English",
	"FS-HIST":"First Year Seminar - History",
	"FS-MANA":"First Year Seminar - Management",
	"FS-MATH":"First Year Seminar - Math",
	"FS-MODL":"First Year Seminar - Modern Languages",
	"FS-NURS":"First Year Seminar - Nurse",
	"FS-THEA":"First Year Seminar - Theater",
	"FS-UNIV":"First Year Seminar - University Studies",
	"FS-PHIL":"First Year Seminar -Philosophy",
	"FREN":"French",
	"GEOG":"Geography",
	"GEOL":"Geology",
	"GERM":"German",
	"GLOBAL":"Global",
	"GREK":"Greek",
	"HCAD":"Health Care Administration",
	"HEED":"Health",
	"HIST":"History",
	"HONR":"Honors",
	"HONR-AR":"Honors-Architecture",
	"HONR-BU":"Honors-Business",
	"HONR-ED":"Honors-Education",
	"HONR-EN":"Honors-Engineering",
	"HONR-LA":"Honors-Liberal Arts",
	"HONR-NU":"Honors-Nursing",
	"HONR-SC":"Honors-Science",
	"HONR-SW":"Honors-Social Work",
	"HONR-VP":"Honors-Visual & Performing Arts",
	"HUMA":"Humanities",
	"IE":"Industrial and Manufacturing Systems Engineering",
	"INSY":"Information Systems",
	"INSU":"Insurance",
	"INTS":"Interdisciplinary Studies",
	"INTD":"Interior Design",
	"COLA":"Introduction to Liberal Arts",
	"JOUR":"Journalism",
	"KINE":"Kinesiology",
	"KORE":"Korean",
	"LARC":"Landscape Architecture",
	"LATN":"Latin",
	"LSHP":"Leadership Studies",
	"LING":"Linguistics",
	"LIST":"Literacy Studies",
	"LISTIR":"Literacy Studies",
	"MANA":"Management",
	"MASI":"Management Sciences",
	"MARK":"Marketing",
	"MSE":"Materials Science and Engineering",
	"MSCI":"Mathematical Sciences",
	"MAED":"Mathematics Education",
	"MATH":"Mathematics",
	"MAE":"Mechanical and Aerospace Engineering",
	"ME":"Mechanical Engineering",
	"MAS":"Mexican American Studies",
	"MILS":"Military Science",
	"MODL":"Modern Languages",
	"MUSI":"Music",
	"NE":"Nuclear Engineering",
	"A":"Nursing - Elective",
	"NURS-IS":"Nursing - Independent Studies",
	"NURS-LL":"Nursing - Lower Level",
	"NURS-MX":"Nursing - Mexico Study Abroad",
	"NURS-SS":"Nursing - Student Success",
	"NURS-UL":"Nursing - Upper Level",
	"NURS":"Nursing",
	"NRST":"Nursing Transferred Course",
	"OPMA":"Operations Management",
	"PHIL":"Philosophy",
	"PHED":"Physical Education",
	"PHYS":"Physics",
	"POLS":"Political Science",
	"PORT":"Portuguese",
	"PSYC":"Psychology",
	"PUAD":"Public and Urban Administration",
	"PREL":"Public Relations",
	"REAE":"Real Estate",
	"RUSS":"Russian",
	"SUPA":"School of Urban and Public Affairs",
	"SCED":"Science Education",
	"Genera":"Science",
	"SOCW":"Social Work",
	"SOCI":"Sociology",
	"SPAN":"Spanish",
	"SPEC":"Special Topics",
	"STATS":"Statistics",
	"SOAR":"Students Obtain Acad Readiness",
	"SUST":"SUSTAINABILITY",
	"THEA":"Theatre Arts",
	"UNIV":"University College",
	"URPA":"Urban and Public Affairs",
	"UPPP":"Urban Planning and Public Policy",
	"WOM":"Women's Studies"
}